Argument ID	URL
I27001	https://www.groupdiscussionideas.com/human-gene-editing-good-or-bad/
I27002	https://www.groupdiscussionideas.com/human-gene-editing-good-or-bad/
I27003	https://www.groupdiscussionideas.com/human-gene-editing-good-or-bad/
I27004	https://www.groupdiscussionideas.com/can-we-rely-on-cryptocurrencies-like-bitcoin/
I27005	https://www.groupdiscussionideas.com/can-we-rely-on-cryptocurrencies-like-bitcoin/
I27006	https://www.groupdiscussionideas.com/cattle-slaughter-ban-right-or-wrong/
I27007	https://www.groupdiscussionideas.com/cattle-slaughter-ban-right-or-wrong/
I27008	https://www.groupdiscussionideas.com/most-spoken-language-as-the-national-language-acceptable/
I27009	https://www.groupdiscussionideas.com/most-spoken-language-as-the-national-language-acceptable/
I27010	https://www.groupdiscussionideas.com/most-spoken-language-as-the-national-language-acceptable/
I27011	https://www.groupdiscussionideas.com/is-india-becoming-intolerant/
I27012	https://www.groupdiscussionideas.com/is-india-becoming-intolerant/
I27013	https://www.groupdiscussionideas.com/sabarimala-verdict-progressive-or-a-threat-to-traditions/
I27014	https://www.groupdiscussionideas.com/sabarimala-verdict-progressive-or-a-threat-to-traditions/
I27015	https://www.groupdiscussionideas.com/sabarimala-verdict-progressive-or-a-threat-to-traditions/
I27016	https://www.groupdiscussionideas.com/news-channels-breaking-rules-to-give-breaking-news/
I27017	https://www.groupdiscussionideas.com/news-channels-breaking-rules-to-give-breaking-news/
I27018	https://www.groupdiscussionideas.com/mbas-do-not-make-good-business-leaders/
I27019	https://www.groupdiscussionideas.com/mbas-do-not-make-good-business-leaders/
I27020	https://www.groupdiscussionideas.com/mbas-do-not-make-good-business-leaders/
I27021	https://www.groupdiscussionideas.com/are-women-better-managers-than-men/
I27022	https://www.groupdiscussionideas.com/are-women-better-managers-than-men/
I27023	https://www.groupdiscussionideas.com/should-beauty-pageants-be-banned/
I27024	https://www.groupdiscussionideas.com/should-beauty-pageants-be-banned/
I27025	https://www.groupdiscussionideas.com/should-beauty-pageants-be-banned/
I27026	https://www.groupdiscussionideas.com/should-driverless-cars-be-allowed-in-india/
I27027	https://www.groupdiscussionideas.com/should-driverless-cars-be-allowed-in-india/
I27028	https://www.groupdiscussionideas.com/should-driverless-cars-be-allowed-in-india/
I27029	https://www.groupdiscussionideas.com/us-mexico-border-wall-good-or-bad/
I27030	https://www.groupdiscussionideas.com/us-mexico-border-wall-good-or-bad/
I27031	https://www.groupdiscussionideas.com/us-mexico-border-wall-good-or-bad/
I27032	https://www.groupdiscussionideas.com/should-india-accept-rohingya-refugees/
I27033	https://www.groupdiscussionideas.com/should-india-accept-rohingya-refugees/
I27034	https://www.groupdiscussionideas.com/marital-rape-criminalized-india/
I27035	https://www.groupdiscussionideas.com/marital-rape-criminalized-india/
I27036	https://www.groupdiscussionideas.com/marital-rape-criminalized-india/
I27037	https://www.groupdiscussionideas.com/men-silent-sufferers-modern-world/
I27038	https://www.groupdiscussionideas.com/men-silent-sufferers-modern-world/
I27039	https://www.groupdiscussionideas.com/is-wikileaks-bane-or-boon/
I27040	https://www.groupdiscussionideas.com/is-wikileaks-bane-or-boon/
I27041	https://www.groupdiscussionideas.com/is-wikileaks-bane-or-boon/
I27042	https://www.groupdiscussionideas.com/bullet-for-bullet-is-it-right-policy/
I27043	https://www.groupdiscussionideas.com/bullet-for-bullet-is-it-right-policy/
I27044	https://www.groupdiscussionideas.com/should-betting-and-gambling-be-legalized-in-india/
I27045	https://www.groupdiscussionideas.com/should-betting-and-gambling-be-legalized-in-india/
I27046	https://www.groupdiscussionideas.com/alcohol-ban-in-india-pros-and-cons/
I27047	https://www.groupdiscussionideas.com/alcohol-ban-in-india-pros-and-cons/
I27048	https://www.groupdiscussionideas.com/is-technology-rising-unemployment-rates/
I27049	https://www.groupdiscussionideas.com/is-technology-rising-unemployment-rates/
I27050	https://www.groupdiscussionideas.com/should-chinese-products-be-banned-in-india/
I27051	https://www.groupdiscussionideas.com/should-chinese-products-be-banned-in-india/
I27052	https://www.groupdiscussionideas.com/should-chinese-products-be-banned-in-india/
I27053	https://www.groupdiscussionideas.com/donald-trumps-presidency-pros-cons/
I27054	https://www.groupdiscussionideas.com/donald-trumps-presidency-pros-cons/
I27055	https://www.groupdiscussionideas.com/should-homeschooling-be-encouraged-in-india/
I27056	https://www.groupdiscussionideas.com/should-homeschooling-be-encouraged-in-india/
I27057	https://www.groupdiscussionideas.com/should-uniforms-be-mandatory-in-schools/
I27058	https://www.groupdiscussionideas.com/should-uniforms-be-mandatory-in-schools/
I27059	https://www.groupdiscussionideas.com/stray-animals-killed/
I27060	https://www.groupdiscussionideas.com/stray-animals-killed/
I27061	https://www.groupdiscussionideas.com/can-temples-gender-specific-rules/
I27062	https://www.groupdiscussionideas.com/can-temples-gender-specific-rules/
I27063	https://www.groupdiscussionideas.com/can-temples-gender-specific-rules/
I27064	https://www.groupdiscussionideas.com/experimenting-on-animals-is-it-fair/
I27065	https://www.groupdiscussionideas.com/experimenting-on-animals-is-it-fair/
I27066	https://www.groupdiscussionideas.com/should-rapists-be-tortured/
I27067	https://www.groupdiscussionideas.com/should-rapists-be-tortured/
I27068	https://www.groupdiscussionideas.com/should-rapists-be-tortured/
I27069	https://www.groupdiscussionideas.com/should-the-internet-be-censored/
I27070	https://www.groupdiscussionideas.com/should-the-internet-be-censored/
I27071	https://www.groupdiscussionideas.com/should-kids-reality-shows-be-banned/
I27072	https://www.groupdiscussionideas.com/should-kids-reality-shows-be-banned/
I27073	https://www.groupdiscussionideas.com/should-kids-reality-shows-be-banned/
I27074	https://www.groupdiscussionideas.com/is-censorship-of-movies-an-outdated-concept/
I27075	https://www.groupdiscussionideas.com/is-censorship-of-movies-an-outdated-concept/
I27076	https://www.groupdiscussionideas.com/is-censorship-of-movies-an-outdated-concept/
I27077	https://www.groupdiscussionideas.com/should-military-training-be-made-compulsory-for-all-in-india/
I27078	https://www.groupdiscussionideas.com/should-military-training-be-made-compulsory-for-all-in-india/
I27079	https://www.groupdiscussionideas.com/should-military-training-be-made-compulsory-for-all-in-india/
I27080	https://www.groupdiscussionideas.com/should-aadhar-be-made-mandatory/
I27081	https://www.groupdiscussionideas.com/should-aadhar-be-made-mandatory/
I27082	https://www.groupdiscussionideas.com/should-adultery-be-criminalised/
I27083	https://www.groupdiscussionideas.com/should-adultery-be-criminalised/
I27084	https://www.groupdiscussionideas.com/should-adultery-be-criminalised/
I27085	https://www.groupdiscussionideas.com/can-women-be-in-combat-roles/
I27086	https://www.groupdiscussionideas.com/can-women-be-in-combat-roles/
I27087	https://www.groupdiscussionideas.com/should-organ-donation-be-made-compulsory/
I27088	https://www.groupdiscussionideas.com/should-organ-donation-be-made-compulsory/
I27089	https://www.groupdiscussionideas.com/should-organ-donation-be-made-compulsory/
I27090	https://www.groupdiscussionideas.com/should-reservations-be-based-on-economic-status/
I27091	https://www.groupdiscussionideas.com/should-reservations-be-based-on-economic-status/
I27092	https://www.groupdiscussionideas.com/should-there-be-a-ban-on-bandhs/
I27093	https://www.groupdiscussionideas.com/should-there-be-a-ban-on-bandhs/
I27094	https://www.groupdiscussionideas.com/should-there-be-a-ban-on-bandhs/
I27095	https://www.groupdiscussionideas.com/does-nepotism-exist-in-bollywood/
I27096	https://www.groupdiscussionideas.com/does-nepotism-exist-in-bollywood/
I27097	https://www.groupdiscussionideas.com/does-nepotism-exist-in-bollywood/
I27098	https://www.groupdiscussionideas.com/is-india-safe-for-women/
I27099	https://www.groupdiscussionideas.com/is-india-safe-for-women/
I27100	https://www.groupdiscussionideas.com/is-india-safe-for-women/
